Scan_source,Scan_target,X,Y,Z,Rotation_X,Rotation_Y,Rotation_Z
Scan_2_20241101_160358_Transformed.ply,Scan_1_20241101_160358_Transformed.ply,-0.0001780765875929651,-0.004756649467861884,-0.009169554547237002,-1.128330093568665,-1.0645323939747202,0.15654620689519333
Scan_3_20241101_160358_Transformed.ply,Scan_2_20241101_160358_Transformed.ply,0.0018525010099714875,0.003003875953015615,-0.0033328977371576574,-0.6711139604948666,-2.1908926224088794,-0.9593059002951044
Scan_4_20241101_160358_Transformed.ply,Scan_3_20241101_160358_Transformed.ply,0.00823983298871821,-0.008699639868928018,-0.008229342949699165,0.15679413517278631,-2.286663441359411,-0.4171753719447196
Scan_5_20241101_160358_Transformed.ply,Scan_4_20241101_160358_Transformed.ply,-0.00023082589552727122,-0.008512291732790627,0.009914446072733908,-0.5310847239946678,-1.5885453680796875,-1.4790885648854544
Scan_6_20241101_160358_Transformed.ply,Scan_5_20241101_160358_Transformed.ply,0.010888334774650192,-0.0025504767636222656,0.0069892239568691,0.27554790104910815,-1.619692411705756,-1.454271291798777
Scan_7_20241101_160358_Transformed.ply,Scan_6_20241101_160358_Transformed.ply,0.005417199257341995,-0.008804456718987708,0.003509299833933429,-0.02859735739743973,-0.9790586127162825,-1.3091532161207582
Scan_8_20241101_160358_Transformed.ply,Scan_7_20241101_160358_Transformed.ply,-0.004046191772513767,-0.0003592941506915806,-0.008281253811440493,-1.3247590627733967,-0.5395890007673804,0.29862731399316034
