Scan_source,Scan_target,X,Y,Z,Rotation_X,Rotation_Y,Rotation_Z
Scan_5_20241031_021351_Transformed.ply,Scan_3_20241031_021351_Transformed.ply,0.007681583577061939,0.028458499344698608,-0.025796477092409533,-2.120903233781551,-2.168420431675717,3.010189864887084
Scan_7_20241031_021351_Transformed.ply,Registered_1.ply,-0.03995183994504908,0.04534858905673518,0.005573473283860704,-1.8490022172847245,-1.6137271202873635,0.1500330821737998
Scan_9_20241031_021351_Transformed.ply,Registered_2.ply,-0.02867737261453369,0.0191942307074212,0.029911431771961646,-0.9445870632442104,7.157351261869728,-1.680236207967292
